word,frequency
data,8
learning,6
technology,4
ai,3
digital,3
education,3
educational,3
information,3
learners,3
online,3
student,3
students,3
support,3
analytics,2
big,2
classrooms,2
helps,2
interactive,2
machine,2
modern,2
science,2
systems,2
teachers,2
academic,1
access,1
across,1
administrators,1
allows,1
analyze,1
answer,1
anywhere,1
applications,1
apps,1
artificial,1
assessments,1
automated,1
better,1
careers,1
changes,1
chatbots,1
classroom,1
clearly,1
cloud,1
collaboration,1
combine,1
common,1
communication,1
complex,1
computers,1
computing,1
connect,1
content,1
dashboards,1
decision,1
decisions,1
different,1
discovers,1
enables,1
encourages,1
engagement,1
evolving,1
explain,1
fairness,1
feedback,1
fields,1
generate,1
guide,1
help,1
identify,1
important,1
improve,1
improves,1
instruction,1
intelligence,1
language,1
large,1
libraries,1
locations,1
make,1
making,1
manage,1
many,1
measures,1
mining,1
mobile,1
models,1
natural,1
need,1
paths,1
patterns,1
performance,1
personalize,1
platforms,1
powerful,1
practice,1
predictive,1
privacy,1
problem,1
process,1
processing,1
progress,1
provide,1
questions,1
reading,1
recommendation,1
records,1
related,1
requires,1
resources,1
responsible,1
schools,1
sensors,1
shared,1
skills,1
smart,1
software,1
solving,1
sources,1
study,1
supports,1
text,1
tools,1
transformation,1
transforming,1
transparency,1
understand,1
use,1
useful,1
virtual,1
visualization,1
writing,1
